,pdbid,pairid,bp_type,LW,bp_name,bp_motif,nt_1,nt_2,chid_1,chid_2,resn_1,resn_2,resc_1,resc_2,resi_1,resi_2,form_1,form_2,conf_1,conf_2,chi_1,chi_2,pucker_1,pucker_2,phase_1,phase_2,ampli_1,ampli_2,C1C1_dist,C6C8_dist,hbonds_num,hbonds_desc_1,hbonds_len_1,hbonds_desc_2,hbonds_len_2,hbonds_desc_3,hbonds_len_3,hbonds_desc_4,hbonds_len_4,hbonds_desc_5,hbonds_len_5,shear,stretch,stagger,buckle,propeller,opening,alpha_1,alpha_2,beta_1,beta_2,gamma_1,gamma_2,delta_1,delta_2,epsilon_1,epsilon_2,zeta_1,zeta_2,v0_1,v0_2,v1_1,v1_2,v2_1,v2_2,v3_1,v3_2,v4_1,v4_2
3171,1da3,1da3_aT_A_DT_4_B_6MA_17,WC,cWW,aT,T-a,1:A.DT4,1:B.6MA17,A,B,DT,6MA,T,a,4,17,B,.,anti,anti,-97.925,-105.682,C2'-endo,C2'-endo,177.865,154.639,43.187,39.045,10.71,9.827,2,--,0,--,0,--,0,--,0,--,0,-0.186,-0.095,-0.178,1.036,-9.334,-3.713,-50.903,-54.111,-168.818,178.662,34.177,52.371,149.479,132.429,-143.747,-177.179,-127.779,-97.16,-16.219,-28.499,37.597,37.71,-43.157,-35.282,36.006,19.778,-12.858,5.04
3174,1da3,1da3_aT_A_6MA_7_B_DT_14,WC,cWW,aT,a-T,1:A.6MA7,1:B.DT14,A,B,6MA,DT,a,T,7,14,B,B,anti,anti,-110.045,-104.15,C1'-exo,C2'-endo,128.667,150.734,29.713,35.33,10.386,9.601,2,--,0,--,0,--,0,--,0,--,0,0.263,-0.357,-0.019,0.808,-11.455,-0.082,-47.513,-60.848,143.803,-164.291,25.624,55.135,118.703,135.636,3.655,-171.324,108.661,-94.891,-28.617,-26.642,28.056,34.35,-18.564,-30.82,2.059,15.222,16.787,7.387
8186,1g38,1g38_aT_B_DT_603_C_6MA_708,WC,cWW,aT,T-a,1:B.DT603,1:C.6MA708,B,C,DT,6MA,T,a,603,708,.,B,anti,anti,-117.715,-94.888,C1'-exo,C2'-endo,126.94,172.446,35.716,32.99,10.451,9.872,2,--,0,--,0,--,0,--,0,--,0,-0.205,-0.064,0.157,-5.781,-22.467,5.274,-62.951,-65.169,137.482,136.655,39.954,48.663,116.529,143.478,-146.305,176.755,-103.861,-97.782,-34.604,-14.78,34.306,29.79,-21.465,-32.704,1.76,24.784,20.707,-6.439
10330,1j3e,1j3e_aG_B_6MA_205_C_DG_216,Imino,cWW,aG,a-G,1:B.6MA205,1:C.DG216,B,C,6MA,DG,a,G,205,216,B,B,anti,anti,-103.775,-111.734,C2'-endo,C2'-endo,172.019,165.404,33.204,33.86,12.678,11.41,2,--,0,--,0,--,0,--,0,--,0,-0.333,1.566,-0.295,4.301,-24.811,-6.368,-49.446,120.221,130.095,-129.371,51.958,150.593,142.601,140.329,174.817,-177.61,-91.245,-92.944,-15.089,-18.933,30.028,32.082,-32.882,-32.767,24.747,22.422,-6.182,-2.332
18443,1lrr,1lrr_aT_B_DT_7_C_6MA_6,WC,cWW,aT,T-a,1:B.DT7,1:C.6MA6,B,C,DT,6MA,T,a,7,6,.,B,anti,anti,-113.391,-106.105,C2'-endo,C2'-endo,149.406,176.856,37.348,29.503,11.105,9.923,2,--,0,--,0,--,0,--,0,--,0,-0.462,-0.023,0.436,-5.09,-21.216,-9.699,-70.787,-81.649,141.267,148.135,49.394,57.571,133.562,140.831,-155.64,-175.794,-105.81,-97.701,-28.899,-11.043,37.59,25.448,-32.149,-29.459,15.969,23.519,7.982,-7.993
74599,2aor,2aor_aT_C_6MA_5_D_DT_18,WC,cWW,aT,a-T,1:C.6MA5,1:D.DT18,C,D,6MA,DT,a,T,5,18,.,B,anti,anti,-110.332,-120.371,C2'-endo,C2'-endo,157.59,166.535,29.869,33.063,10.678,9.895,2,--,0,--,0,--,0,--,0,--,0,-0.017,-0.055,-0.192,-6.138,-6.339,-0.655,-46.114,-47.088,-169.064,173.015,40.166,57.602,133.003,141.692,176.952,171.857,-94.329,-105.253,-19.97,-17.846,29.706,31.285,-27.613,-32.155,16.63,22.423,2.0,-3.013
74612,2aor,2aor_aT_C_DT_18_D_6MA_5,WC,cWW,aT,T-a,1:C.DT18,1:D.6MA5,C,D,DT,6MA,T,a,18,5,B,.,anti,anti,-123.592,-109.014,C2'-endo,C2'-endo,163.929,157.316,33.534,31.261,10.605,9.889,2,--,0,--,0,--,0,--,0,--,0,-0.122,-0.075,-0.003,4.161,-5.809,0.558,-50.609,-43.966,171.83,-171.191,60.3,39.734,139.611,135.316,173.594,178.864,-104.588,-99.774,-19.405,-21.016,32.266,31.061,-32.223,-28.843,21.61,17.233,-1.49,2.259
80949,2ibs,2ibs_aT_B_DT_3_C_6MA_18,WC,cWW,aT,T-a,1:B.DT3,1:C.6MA18,B,C,DT,6MA,T,a,3,18,.,B,anti,anti,-127.17,-94.817,C1'-exo,C2'-endo,113.367,170.835,37.896,33.552,10.448,9.773,2,--,0,--,0,--,0,--,0,--,0,-0.202,-0.164,0.344,-8.201,-22.198,3.366,-59.094,-58.373,132.659,137.092,39.614,43.041,109.476,141.854,-145.491,176.698,-96.821,-94.713,-38.956,-16.034,32.607,30.768,-15.03,-33.124,-6.875,24.67,28.629,-5.685
80958,2ibt,2ibt_aT_B_DT_3_C_6MA_18,WC,cWW,aT,T-a,1:B.DT3,1:C.6MA18,B,C,DT,6MA,T,a,3,18,.,B,anti,anti,-126.447,-88.594,O4'-endo,C2'-endo,100.629,173.908,40.02,34.001,10.344,9.781,2,--,0,--,0,--,0,--,0,--,0,-0.057,-0.183,0.071,-5.028,-22.638,3.465,-69.207,-67.13,135.843,141.009,48.47,46.992,102.847,146.091,-152.612,176.988,-86.778,-98.104,-40.979,-14.925,28.952,30.592,-7.382,-33.809,-16.097,26.704,35.027,-7.707
81012,2ih2,2ih2_aT_B_DT_3_C_6MA_18,WC,cWW,aT,T-a,1:B.DT3,1:C.6MA18,B,C,DT,6MA,T,a,3,18,.,B,anti,anti,-127.957,-87.551,O4'-endo,C2'-endo,99.631,177.535,39.54,34.486,10.349,9.812,2,--,0,--,0,--,0,--,0,--,0,-0.098,-0.141,0.061,-6.277,-21.431,4.787,-67.039,-65.773,133.745,144.28,50.826,47.653,97.197,146.978,-154.218,171.729,-84.424,-95.296,-40.229,-12.772,27.921,29.64,-6.615,-34.455,-16.665,28.071,35.163,-9.776
81021,2ih4,2ih4_aT_B_DT_3_C_6MA_18,WC,cWW,aT,T-a,1:B.DT3,1:C.6MA18,B,C,DT,6MA,T,a,3,18,.,B,anti,anti,-119.615,-90.19,C1'-exo,C2'-endo,111.093,176.28,37.101,34.319,10.189,9.751,2,--,0,--,0,--,0,--,0,--,0,-0.152,-0.167,0.135,-4.721,-22.207,8.595,-68.26,-54.549,138.38,139.25,44.769,38.673,107.296,146.809,-144.979,174.881,-91.942,-92.164,-38.584,-13.365,30.848,29.743,-13.352,-34.247,-8.191,27.284,28.911,-8.97
81030,2ih5,2ih5_aT_B_DT_3_C_6MA_18,WC,cWW,aT,T-a,1:B.DT3,1:C.6MA18,B,C,DT,6MA,T,a,3,18,.,B,anti,anti,-126.829,-91.678,O4'-endo,C2'-endo,104.623,178.986,40.129,33.811,10.375,9.807,2,--,0,--,0,--,0,--,0,--,0,-0.078,-0.162,0.123,-6.393,-21.147,4.209,-64.241,-78.369,136.032,147.54,45.209,53.26,103.681,144.452,-154.217,172.564,-88.371,-96.088,-41.484,-11.89,30.486,28.005,-10.131,-33.806,-13.426,27.857,34.108,-10.196
81539,2jg3,2jg3_aT_B_DT_3_C_6MA_18,WC,cWW,aT,T-a,1:B.DT3,1:C.6MA18,B,C,DT,6MA,T,a,3,18,.,B,anti,anti,-121.384,-101.66,C1'-exo,C4'-endo,109.791,224.42,39.485,14.632,10.226,9.855,2,--,0,--,0,--,0,--,0,--,0,-0.353,-0.11,0.01,-5.153,-22.094,5.033,-68.14,-65.297,140.89,135.849,40.429,65.741,105.147,112.021,-154.34,170.664,-89.395,-86.844,-41.2,5.956,32.425,3.511,-13.369,-10.451,-9.703,15.498,31.016,-13.576
81741,2np6,2np6_aT_B_DT_3_C_6MA_18,WC,cWW,aT,T-a,1:B.DT3,1:C.6MA18,B,C,DT,6MA,T,a,3,18,.,B,anti,anti,-125.498,-87.921,O4'-endo,C2'-endo,107.653,179.271,39.075,38.434,10.46,9.813,2,--,0,--,0,--,0,--,0,--,0,-0.126,-0.112,0.132,-7.604,-20.048,4.713,-64.547,-50.657,133.682,133.796,45.533,37.293,105.577,151.561,-148.581,-178.751,-94.96,-106.433,-40.72,-13.019,30.867,31.923,-11.85,-38.431,-10.844,31.662,32.168,-11.775
81750,2np7,2np7_aT_B_DT_3_C_6MA_18,WC,cWW,aT,T-a,1:B.DT3,1:C.6MA18,B,C,DT,6MA,T,a,3,18,.,B,anti,anti,-123.787,-91.357,O4'-endo,C2'-endo,106.174,173.718,38.369,35.668,10.37,9.82,2,--,0,--,0,--,0,--,0,--,0,-0.031,-0.137,-0.001,-4.995,-19.111,5.285,-64.832,-69.121,134.717,141.267,45.619,50.029,101.296,146.25,-154.745,174.695,-86.861,-97.153,-39.877,-15.499,29.94,31.605,-10.688,-35.453,-11.745,27.401,31.853,-7.692
132840,3fmt,3fmt_aT_C_6MA_7_D_DT_18,WC,cWW,aT,a-T,1:C.6MA7,1:D.DT18,C,D,6MA,DT,a,T,7,18,B,B,anti,anti,-96.136,-108.277,C3'-exo,C2'-endo,191.306,153.114,34.477,37.225,10.75,9.891,2,--,0,--,0,--,0,--,0,--,0,0.527,-0.148,0.559,3.065,-17.973,-5.042,-63.436,-71.553,157.64,146.523,40.041,38.787,156.847,137.909,-173.519,-153.94,-118.365,-108.865,-4.379,-27.345,23.93,37.292,-33.808,-33.201,31.866,18.312,-17.247,5.485
132849,3fmt,3fmt_aT_C_6MA_16_D_DT_9,WC,cWW,aT,a-T,1:C.6MA16,1:D.DT9,C,D,6MA,DT,a,T,16,9,B,B,anti,anti,-104.446,-118.094,C3'-exo,C2'-endo,180.068,151.009,24.576,37.907,10.882,9.869,2,--,0,--,0,--,0,--,0,--,0,0.669,-0.129,0.469,9.379,-20.339,-5.873,-61.576,-70.66,150.307,148.326,44.433,41.764,139.364,136.943,172.183,-173.185,-91.74,-90.625,-7.921,-28.771,20.35,38.022,-24.576,-33.157,20.407,17.309,-7.953,7.06
138008,3h8r,3h8r_aT_B_6MA_268_C_DT_276,WC,cWW,aT,a-T,1:B.6MA268,1:C.DT276,B,C,6MA,DT,a,T,268,276,B,B,anti,anti,-103.529,-111.739,C3'-exo,C2'-endo,182.794,153.115,32.976,36.071,10.539,9.797,2,--,0,--,0,--,0,--,0,--,0,-0.055,-0.208,0.008,1.544,-9.164,0.266,-60.545,-37.822,-164.739,170.238,51.359,44.757,150.419,137.028,-173.232,-178.308,-86.585,-101.031,-9.114,-26.69,25.954,35.881,-32.937,-32.172,28.078,17.702,-11.938,5.332
163980,4dnb,4dnb_aT_A_6MA_6_B_DT_19,WC,cWW,aT,a-T,1:A.6MA6,1:B.DT19,A,B,6MA,DT,a,T,6,19,.,B,anti,anti,-124.438,-130.608,C1'-exo,O4'-endo,123.048,107.812,35.618,43.544,10.256,9.732,2,--,0,--,0,--,0,--,0,--,0,-0.051,-0.188,-0.177,1.241,-13.715,2.63,-104.653,-59.982,-176.94,177.765,87.558,58.321,117.937,113.367,-174.873,-175.309,-108.763,-83.274,-35.363,-44.901,33.04,34.437,-19.424,-13.32,-1.12,-12.839,22.362,35.413
163981,4dnb,4dnb_aT_A_DT_7_B_6MA_18,WC,cWW,aT,T-a,1:A.DT7,1:B.6MA18,A,B,DT,6MA,T,a,7,18,B,.,anti,anti,-96.059,-99.181,C1'-exo,C2'-endo,143.745,174.449,27.171,45.268,10.512,9.752,2,--,0,--,0,--,0,--,0,--,0,0.097,-0.168,-0.667,5.921,-11.104,-2.36,22.084,25.11,155.337,157.03,-26.561,-25.837,116.276,158.673,159.994,179.69,-98.123,-104.805,-22.422,-19.593,27.771,39.543,-21.91,-45.056,8.692,35.496,7.953,-10.163
165944,4esj,4esj_aT_C_6MA_5_D_DT_6,WC,cWW,aT,a-T,1:C.6MA5,1:D.DT6,C,D,6MA,DT,a,T,5,6,.,.,anti,anti,-113.336,-122.589,C2'-endo,C1'-exo,154.483,126.598,30.18,35.795,10.394,9.832,2,--,0,--,0,--,0,--,0,--,0,0.127,-0.111,-0.076,-6.355,-3.174,4.482,-61.487,-58.836,-161.332,-179.477,46.522,52.12,132.262,118.885,176.146,164.201,-94.791,-98.39,-21.436,-34.9,30.223,34.459,-27.236,-21.341,15.38,1.734,3.733,20.821
165945,4esj,4esj_aT_C_DT_6_D_6MA_5,WC,cWW,aT,T-a,1:C.DT6,1:D.6MA5,C,D,DT,6MA,T,a,6,5,B,.,anti,anti,-140.343,-121.626,O4'-endo,C1'-exo,88.792,139.337,38.155,28.932,10.42,9.866,2,--,0,--,0,--,0,--,0,--,0,-0.154,-0.094,0.173,-1.905,-7.848,3.767,-51.257,-44.153,169.243,178.082,55.578,47.846,92.991,124.514,174.725,178.187,-85.839,-93.236,-36.755,-25.412,21.345,29.206,0.804,-21.946,-22.222,7.699,37.082,11.101
171644,4kyw,4kyw_aT_C_6MA_5_D_DT_6,WC,cWW,aT,a-T,1:C.6MA5,1:D.DT6,C,D,6MA,DT,a,T,5,6,A,.,anti,anti,-152.871,-143.208,C1'-exo,C2'-endo,118.553,169.256,14.181,33.974,10.169,9.74,2,--,0,--,0,--,0,--,0,--,0,0.391,-0.067,-0.287,-18.631,-14.123,9.111,-48.556,-153.264,-172.817,134.655,38.735,161.031,119.55,142.319,-155.074,-159.853,-108.772,-77.838,-14.234,-16.923,12.79,31.442,-6.778,-33.378,-1.431,24.173,9.88,-4.699
171645,4kyw,4kyw_aT_C_DT_6_D_6MA_5,WC,cWW,aT,T-a,1:C.DT6,1:D.6MA5,C,D,DT,6MA,T,a,6,5,.,B,anti,anti,-134.019,-114.662,C1'-endo,C2'-endo,308.877,166.849,7.25,26.277,10.131,9.624,2,--,0,--,0,--,0,--,0,--,0,-0.063,-0.256,-0.129,-9.755,-0.898,8.91,37.436,-36.317,179.817,163.794,-60.716,41.772,125.214,134.519,-150.842,176.152,-92.141,-68.81,6.948,-13.981,-7.034,24.669,4.55,-25.588,-0.595,17.814,-3.982,-2.436
171654,4kyw,4kyw_aT_E_6MA_5_F_DT_6,WC,cWW,aT,a-T,1:E.6MA5,1:F.DT6,E,F,6MA,DT,a,T,5,6,.,.,anti,anti,-116.326,-113.583,C2'-endo,C2'-endo,157.176,148.507,32.961,32.574,10.36,9.786,2,--,0,--,0,--,0,--,0,--,0,0.354,-0.177,-0.247,-2.667,-2.337,4.8,-47.654,-42.465,-173.141,-169.03,45.883,32.841,134.576,129.139,-179.399,-176.453,-104.994,-117.53,-22.246,-25.498,32.737,33.071,-30.38,-27.776,18.139,13.608,2.506,7.41
171655,4kyw,4kyw_aT_E_DT_6_F_6MA_5,WC,cWW,aT,T-a,1:E.DT6,1:F.6MA5,E,F,DT,6MA,T,a,6,5,B,.,anti,anti,-119.914,-106.852,C2'-endo,C2'-endo,150.258,159.617,35.444,31.445,10.39,9.816,2,--,0,--,0,--,0,--,0,--,0,-0.218,-0.136,0.024,-3.897,-3.772,4.157,-44.138,-55.683,-178.135,-162.212,40.249,41.704,132.488,136.041,-177.502,170.836,-109.475,-90.155,-27.019,-20.154,35.85,30.848,-30.775,-29.476,15.721,18.321,6.97,1.027
