pdbid,pairid,bp_type,LW,bp_name,bp_motif,nt_1,nt_2,chid_1,chid_2,resn_1,resn_2,resc_1,resc_2,resi_1,resi_2,form_1,form_2,conf_1,conf_2,chi_1,chi_2,pucker_1,pucker_2,phase_1,phase_2,ampli_1,ampli_2,C1C1_dist,C6C8_dist,hbonds_num,hbonds_desc_1,hbonds_len_1,hbonds_desc_2,hbonds_len_2,hbonds_desc_3,hbonds_len_3,hbonds_desc_4,hbonds_len_4,hbonds_desc_5,hbonds_len_5,shear,stretch,stagger,buckle,propeller,opening,alpha_1,alpha_2,beta_1,beta_2,gamma_1,gamma_2,delta_1,delta_2,epsilon_1,epsilon_2,zeta_1,zeta_2,v0_1,v0_2,v1_1,v1_2,v2_1,v2_2,v3_1,v3_2,v4_1,v4_2
1d80,1d80_GG_A_DG_4_B_DG_21,--,cWH,GG,G+G,1:A.DG4,1:B.DG21,A,B,DG,DG,G,G,4,21,B,.,anti,syn,-88.089,53.276,C3'-exo,C1'-exo,183.366,113.489,51.851,59.805,10.737,8.301,3,N1(imino)-N7,2.89,N1(imino)-O6(carbonyl),2.81,N2(amino)-N7,2.6,--,0.0,--,0.0,0.717,3.634,0.375,-6.489,-21.442,-87.164,-41.182,-49.934,172.468,133.42,46.586,20.423,172.362,101.571,-147.736,-165.63,-170.44,-90.585,-14.441,-60.85,41.335,50.812,-51.762,-23.836,45.667,-12.713,-19.477,44.434
1d80,1d80_GG_A_DG_9_B_DG_16,--,cHW,GG,G+G,1:A.DG9,1:B.DG16,A,B,DG,DG,G,G,9,16,.,B,...,anti,100.226,-89.905,C2'-endo,C3'-exo,164.077,180.022,49.071,52.342,11.23,8.695,2,N7-N2(amino),2.8,O6(carbonyl)-N1(imino),2.78,--,0.0,--,0.0,--,0.0,-0.868,-3.538,0.144,6.783,13.699,91.631,-51.668,-54.399,-170.818,176.897,-9.834,65.314,157.047,169.105,-44.773,-155.237,139.105,-145.815,-29.277,-17.917,47.966,44.238,-47.188,-52.342,33.091,44.869,-2.72,-17.348
1nk4,1nk4_GG_B_DG_29_C_DG_4,--,cHW,GG,G+G,1:B.DG29,1:C.DG4,B,C,DG,DG,G,G,29,4,-,.,syn,anti,77.989,-109.22,C2'-endo,C2'-endo,153.35,169.264,35.857,28.868,11.038,8.775,2,N7-N2(amino),2.79,O6(carbonyl)-N1(imino),3.01,--,0.0,--,0.0,--,0.0,-1.104,-3.724,0.11,13.456,-23.012,89.421,-55.324,,177.582,-111.435,49.854,53.792,140.629,140.525,,165.54,,-98.179,-26.061,-14.312,36.32,26.765,-32.048,-28.362,17.85,20.502,4.968,-4.024
1oh7,1oh7_GG_E_DG_9_F_DG_22,--,tWW,GG,G+G,1:E.DG9,1:F.DG22,E,F,DG,DG,G,G,9,22,B,.,anti,syn,-77.744,68.798,C2'-endo,O4'-endo,168.926,105.468,43.299,30.097,13.209,11.308,2,N1(imino)-O6(carbonyl),2.96,N2(amino)-O6(carbonyl),2.71,--,0.0,--,0.0,--,0.0,2.303,1.258,0.12,-21.933,23.484,-134.135,-83.443,-89.248,174.831,164.645,55.384,80.925,149.52,102.506,-137.22,-169.409,-163.51,-48.481,-22.113,-30.962,40.477,23.854,-42.492,-8.027,31.173,-9.265,-5.822,25.192
1r2o,1r2o_GG_X_DG_1_X_DG_5,Metal,tHH,GG,G+G,1:X.DG1,4:X.DG5,X,X,DG,DG,G,G,1,5,B,.,anti,anti,-92.883,-88.597,C3'-exo,C4'-exo,184.525,47.849,40.164,35.385,11.231,6.194,0,--,0.0,--,0.0,--,0.0,--,0.0,--,0.0,-8.599,6.175,-0.223,-7.165,14.932,-177.655,,-89.478,,177.286,49.115,53.27,153.609,86.492,-168.354,-133.173,-105.895,46.814,-9.865,-17.813,30.656,-4.889,-40.039,23.747,34.747,-34.498,-15.528,33.317
1r2o,1r2o_GG_X_DG_5_X_DG_1,Metal,tHH,GG,G+G,1:X.DG5,4:X.DG1,X,X,DG,DG,G,G,5,1,.,B,anti,anti,-88.641,-92.932,C4'-exo,C3'-exo,47.868,184.535,35.39,40.161,11.231,6.195,0,--,0.0,--,0.0,--,0.0,--,0.0,--,0.0,8.599,-6.175,0.223,7.174,-14.931,177.654,-89.485,,177.291,,53.292,49.124,86.486,153.604,-133.213,-168.376,46.844,-105.888,-17.818,-9.847,-4.885,30.654,23.741,-40.035,-34.509,34.748,33.334,-15.527
1r2o,1r2o_GG_X_DG_1_X_DG_5,Metal,tHH,GG,G+G,2:X.DG1,3:X.DG5,X,X,DG,DG,G,G,1,5,B,.,anti,anti,-92.883,-88.597,C3'-exo,C4'-exo,184.525,47.849,40.164,35.385,11.231,6.194,0,--,0.0,--,0.0,--,0.0,--,0.0,--,0.0,-8.599,6.175,-0.223,-7.165,14.932,-177.655,,-89.478,,177.286,49.115,53.27,153.609,86.492,-168.354,-133.173,-105.895,46.814,-9.865,-17.813,30.656,-4.889,-40.039,23.747,34.747,-34.498,-15.528,33.317
1r2o,1r2o_GG_X_DG_5_X_DG_1,Metal,tHH,GG,G+G,2:X.DG5,3:X.DG1,X,X,DG,DG,G,G,5,1,.,B,anti,anti,-88.641,-92.932,C4'-exo,C3'-exo,47.868,184.535,35.39,40.161,11.231,6.195,0,--,0.0,--,0.0,--,0.0,--,0.0,--,0.0,8.599,-6.175,0.223,7.174,-14.931,177.654,-89.485,,177.291,,53.292,49.124,86.486,153.604,-133.213,-168.376,46.844,-105.888,-17.818,-9.847,-4.885,30.654,23.741,-40.035,-34.509,34.748,33.334,-15.527
1v3n,1v3n_GG_A_DG_5_A_DG_5,Metal,cHH,GG,G-G,1:A.DG5,2:A.DG5,A,A,DG,DG,G,G,5,5,.,.,anti,anti,-95.858,-95.858,C2'-endo,C2'-endo,146.433,146.433,42.754,42.754,11.399,6.886,0,--,0.0,--,0.0,--,0.0,--,0.0,--,0.0,0.0,5.429,1.464,-0.0,-32.811,-179.811,-175.871,-175.871,162.53,162.53,-177.321,-177.321,138.963,138.963,-142.768,-142.768,158.858,158.858,-34.75,-34.75,43.734,43.734,-35.624,-35.624,16.677,16.677,10.947,10.947
1v3n,1v3n_GG_A_DG_5_B_DG_13,--,cHW,GG,G+G,1:A.DG5,2:B.DG13,A,B,DG,DG,G,G,5,13,.,.,anti,anti,-95.858,-60.765,C2'-endo,C2'-endo,146.433,167.363,42.754,33.304,11.575,9.231,2,N7-N2(amino),2.94,O6(carbonyl)-N1(imino),2.76,--,0.0,--,0.0,--,0.0,-1.558,-3.209,-0.874,9.303,26.392,94.154,-175.871,85.296,162.53,141.549,-177.321,-46.374,138.963,148.928,-142.768,-160.153,158.858,145.098,-34.75,-17.635,43.734,31.359,-35.624,-32.498,16.677,23.05,10.947,-3.52
1v3n,1v3n_GG_B_DG_13_A_DG_5,--,cWH,GG,G+G,1:B.DG13,2:A.DG5,B,A,DG,DG,G,G,13,5,.,.,anti,anti,-60.765,-95.858,C2'-endo,C2'-endo,167.363,146.433,33.304,42.754,11.575,9.231,2,N1(imino)-O6(carbonyl),2.76,N2(amino)-N7,2.94,--,0.0,--,0.0,--,0.0,1.558,3.209,0.874,-9.303,-26.392,-94.154,85.296,-175.871,141.549,162.53,-46.374,-177.321,148.928,138.963,-160.153,-142.768,145.098,158.858,-17.635,-34.75,31.359,43.734,-32.498,-35.624,23.05,16.677,-3.52,10.947
1v3o,1v3o_GG_A_DG_5_A_DG_5,Metal,cHH,GG,G-G,1:A.DG5,2:A.DG5,A,A,DG,DG,G,G,5,5,.,.,anti,anti,-94.985,-94.985,C2'-endo,C2'-endo,145.514,145.514,44.858,44.858,11.325,6.863,1,O6(carbonyl)*O6(carbonyl),2.78,--,0.0,--,0.0,--,0.0,--,0.0,-0.0,5.214,1.144,0.0,-37.72,-178.421,-175.789,-175.789,164.788,164.788,-176.42,-176.42,140.662,140.662,-135.062,-135.062,148.522,148.522,-36.952,-36.952,45.988,45.988,-36.974,-36.974,16.875,16.875,12.105,12.105
1v3o,1v3o_GG_A_DG_5_B_DG_13,--,cHW,GG,G+G,1:A.DG5,2:B.DG13,A,B,DG,DG,G,G,5,13,.,.,anti,anti,-94.985,-53.943,C2'-endo,C3'-exo,145.514,195.692,44.858,34.171,11.485,9.153,2,N7-N2(amino),2.92,O6(carbonyl)-N1(imino),2.7,--,0.0,--,0.0,--,0.0,-1.526,-3.126,-0.948,9.792,30.29,94.743,-175.789,114.886,164.788,127.167,-176.42,-68.218,140.662,155.983,-135.062,-161.565,148.522,143.683,-36.952,-1.721,45.988,22.337,-36.974,-32.897,16.875,32.827,12.105,-19.675
1v3o,1v3o_GG_B_DG_13_A_DG_5,--,cWH,GG,G+G,1:B.DG13,2:A.DG5,B,A,DG,DG,G,G,13,5,.,.,anti,anti,-53.943,-94.985,C3'-exo,C2'-endo,195.692,145.514,34.171,44.858,11.485,9.153,2,N1(imino)-O6(carbonyl),2.7,N2(amino)-N7,2.92,--,0.0,--,0.0,--,0.0,1.526,3.126,0.948,-9.792,-30.29,-94.743,114.886,-175.789,127.167,164.788,-68.218,-176.42,155.983,140.662,-161.565,-135.062,143.683,148.522,-1.721,-36.952,22.337,45.988,-32.897,-36.974,32.827,16.875,-19.675,12.105
2c7q,2c7q_gG_C_2PR_404_D_DG_431,--,cHW,gG,g+G,1:C.2PR404,1:D.DG431,C,D,2PR,DG,g,G,404,431,.,.,syn,anti,72.559,-108.513,C1'-exo,C2'-endo,142.73,149.561,42.432,34.498,11.251,8.516,2,N7-N1(imino),3.03,N7-N2(amino),3.18,--,0.0,--,0.0,--,0.0,-0.022,-3.981,0.172,1.752,6.09,98.806,-60.083,-47.712,-177.673,166.456,41.12,45.683,130.553,134.48,-170.084,174.412,-102.292,-109.63,-36.133,-26.594,43.471,35.088,-33.767,-29.743,14.03,15.032,13.511,7.142
2gws,2gws_GG_T_DG_6_P_DG_6,--,cHW,GG,G+G,1:T.DG6,1:P.DG6,T,P,DG,DG,G,G,6,6,.,-,syn,anti,75.872,-105.805,C1'-exo,C2'-endo,126.899,167.501,44.205,36.046,11.231,9.068,2,N7-N2(amino),2.66,O6(carbonyl)-N1(imino),2.86,--,0.0,--,0.0,--,0.0,-1.737,-3.425,0.124,4.8,5.157,84.465,-64.974,-39.619,174.087,165.996,52.46,44.461,122.208,147.598,168.86,,-98.845,,-43.23,-18.966,43.284,33.823,-26.541,-35.192,2.689,24.889,24.974,-3.89
2itl,2itl_GG_W_DG_31_W_DG_31,--,cWW,GG,G-G,1:W.DG31,2:W.DG31,W,W,DG,DG,G,G,31,31,B,B,anti,anti,-94.228,-94.228,C1'-exo,C1'-exo,140.887,140.887,44.345,44.345,11.316,10.25,1,O6(carbonyl)*O6(carbonyl),2.08,--,0.0,--,0.0,--,0.0,--,0.0,-0.0,0.285,-0.25,-0.0,3.799,-5.221,-89.326,-89.326,-179.967,-179.967,58.514,58.514,135.864,135.864,-159.074,-159.074,-176.249,-176.249,-39.515,-39.515,45.149,45.149,-34.408,-34.408,13.992,13.992,15.426,15.426
2vy1,2vy1_GG_W_DG_11_W_DG_11,--,cWW,GG,G-G,1:W.DG11,2:W.DG11,W,W,DG,DG,G,G,11,11,.,.,anti,anti,-111.109,-111.109,C1'-exo,C1'-exo,142.307,142.307,45.915,45.915,11.908,10.761,5,O6(carbonyl)*O6(carbonyl),2.41,O6(carbonyl)-N1(imino),3.28,N1(imino)-O6(carbonyl),3.28,N1(imino)*N1(imino),2.36,N2(amino)*N2(amino),2.12,0.0,0.898,-0.109,0.0,-13.185,-12.818,-62.189,-62.189,152.888,152.888,58.996,58.996,135.785,135.785,-176.335,-176.335,-135.078,-135.078,-39.509,-39.509,47.549,47.549,-36.332,-36.332,15.297,15.297,14.641,14.641
3dpg,3dpg_GG_C_DG_6_D_DG_13,--,cHW,GG,G+G,1:C.DG6,1:D.DG13,C,D,DG,DG,G,G,6,13,.,B,syn,anti,69.216,-86.993,C2'-endo,C3'-exo,168.792,189.015,36.845,27.729,10.994,8.569,3,N7-N1(imino),3.16,N7-N2(amino),2.75,O6(carbonyl)-N1(imino),3.14,--,0.0,--,0.0,-0.769,-3.944,0.297,-16.097,5.496,87.235,-68.829,-78.441,-158.072,-170.352,-69.491,60.408,144.414,141.937,-177.274,155.988,-77.454,-87.641,-18.729,-4.701,34.535,20.38,-36.142,-27.386,26.243,25.279,-4.979,-13.175
3dpg,3dpg_GG_C_DG_13_D_DG_6,--,cWH,GG,G+G,1:C.DG13,1:D.DG6,C,D,DG,DG,G,G,13,6,B,.,anti,syn,-91.667,68.738,C3'-exo,C2'-endo,197.666,176.156,25.164,42.341,11.122,8.963,2,N1(imino)-O6(carbonyl),2.89,N2(amino)-N7,2.67,--,0.0,--,0.0,--,0.0,1.549,3.57,-0.256,15.862,-3.867,-84.597,-72.794,58.736,-174.453,-179.922,56.16,-87.548,141.737,155.637,162.244,-174.855,-93.991,-86.862,-0.364,-16.808,15.618,37.42,-23.977,-42.246,24.288,34.201,-15.196,-11.292
3ga6,3ga6_GG_F_DG_11_D_DG_1,--,cW.,GG,G-G,1:F.DG11,1:D.DG1,F,D,DG,DG,G,G,11,1,-,.,anti,anti,-109.43,178.175,C4'-exo,C3'-endo,62.569,3.672,43.747,23.525,12.338,9.993,1,N1(imino)-O6(carbonyl),2.64,--,0.0,--,0.0,--,0.0,--,0.0,3.047,-0.01,-2.375,9.896,-13.957,-37.406,175.516,,-97.95,,96.376,-109.392,81.793,102.4,,-157.614,,-47.262,-31.013,6.094,5.655,-18.677,20.153,23.477,-38.875,-20.269,43.96,9.139
3q8r,3q8r_gg_T_8OG_840_B_DGT_421,--,cHH,gg,g-g,1:T.8OG840,1:B.DGT421,T,B,8OG,DGT,g,g,840,421,.,-,...,...,40.405,6.479,O4'-endo,C1'-exo,74.104,132.127,31.051,17.961,8.881,4.806,2,N7*O6(carbonyl),2.71,O8*N7,3.12,--,0.0,--,0.0,--,0.0,2.061,-5.528,-1.241,-6.594,20.278,166.288,,,91.652,,105.529,-151.911,106.179,121.548,-143.936,,-96.805,,-26.125,-16.876,10.058,17.826,8.505,-12.048,-24.431,2.679,31.297,8.974
4cis,4cis_GG_C_DG_1_D_DG_14,--,tHW,GG,G-G,1:C.DG1,1:D.DG14,C,D,DG,DG,G,G,1,14,.,-,anti,anti,-173.044,-105.009,C2'-exo,C2'-endo,351.274,145.545,29.896,33.75,12.692,9.745,1,O6(carbonyl)-N1(imino),2.92,--,0.0,--,0.0,--,0.0,--,0.0,-3.514,0.186,-2.561,-16.029,-12.119,-55.175,,-68.071,,-177.924,67.624,49.525,80.08,129.105,-140.096,,-47.194,,13.835,-27.539,-27.377,34.267,29.55,-27.829,-22.007,12.438,5.246,9.398
4ez6,4ez6_GG_C_DG_3_A_DG3_/901,--,tWH,GG,G-G,1:C.DG3,1:A.DG3/901,C,A,DG,DG3,G,G,3,/901,.,-,anti,syn,175.856,52.934,C3'-endo,C3'-endo,6.834,12.846,31.374,25.677,11.196,7.545,2,N1(imino)-N7,2.91,N2(amino)-O6(carbonyl),2.69,--,0.0,--,0.0,--,0.0,5.511,-0.287,0.503,-13.394,10.153,-112.059,-72.558,,171.155,,178.929,-122.744,90.81,,-143.996,,-71.279,,6.756,2.126,-24.06,-16.807,31.151,25.034,-28.518,-23.39,13.788,13.112
4fjx,4fjx_GG_T_DG_4_T_DG_5,Platform,cSH,GG,G+G,1:T.DG4,1:T.DG5,T,T,DG,DG,G,G,4,5,.,A,anti,anti,179.152,-167.653,C2'-exo,C3'-endo,341.692,18.738,29.03,37.664,6.506,6.924,1,N2(amino)-O6(carbonyl),3.57,--,0.0,--,0.0,--,0.0,--,0.0,7.807,2.247,-1.068,-16.003,6.61,20.135,103.554,-48.571,164.718,155.385,146.96,40.883,104.177,82.405,-146.354,-160.003,-134.102,-75.442,17.753,-0.169,-28.213,-22.854,27.56,35.668,-17.773,-36.704,0.126,23.218
4fk4,4fk4_GG_T_DG_4_T_DG_5,Platform,cSH,GG,G+G,1:T.DG4,1:T.DG5,T,T,DG,DG,G,G,4,5,.,A,anti,anti,-174.328,-169.282,C2'-exo,C3'-endo,326.043,26.213,22.86,40.657,6.499,6.937,1,N2(amino)-O6(carbonyl),3.71,--,0.0,--,0.0,--,0.0,--,0.0,8.071,2.032,-1.081,-13.023,6.539,21.055,102.766,-55.18,162.794,159.623,149.138,42.454,111.011,81.143,-148.574,-161.698,-135.807,-74.619,18.64,-5.325,-22.998,-20.289,18.961,36.476,-8.604,-40.997,-6.265,29.237
4m47,4m47_gg_T_BGM_6_A_XG4_/401,--,cHW,gg,g+g,1:T.BGM6,1:A.XG4/401,T,A,BGM,XG4,g,g,6,/401,.,-,syn,anti,74.033,-119.869,C2'-endo,C3'-endo,149.123,14.661,32.984,23.446,11.487,9.193,2,N7-N2(amino),2.99,O6(carbonyl)-N1(imino),2.72,--,0.0,--,0.0,--,0.0,-1.428,-3.348,0.616,-4.584,20.615,92.098,61.578,,142.967,,40.207,77.081,136.562,97.847,-176.762,,-81.3,,-25.538,1.496,33.316,-15.643,-28.31,22.683,14.135,-22.319,7.379,13.084
4o3q,4o3q_gg_T_8OG_4_A_XG4_/501,--,cHW,gg,g+g,1:T.8OG4,1:A.XG4/501,T,A,8OG,XG4,g,g,4,/501,.,-,syn,anti,77.832,-130.049,C2'-endo,C3'-endo,146.672,32.305,37.178,37.23,10.418,7.468,2,N7*O6(carbonyl),2.6,O8-N1(imino),2.58,--,0.0,--,0.0,--,0.0,2.383,-5.992,-0.071,0.567,19.35,85.642,-68.886,,-161.298,,34.622,59.988,133.855,93.038,167.553,,-96.11,,-30.318,-8.641,36.899,-11.901,-31.063,31.467,14.301,-35.55,9.951,28.946
4pzq,4pzq_GG_A_DG_4_A_DG_4,--,tSS,GG,G+G,1:A.DG4,2:A.DG4,A,A,DG,DG,G,G,4,4,.,.,anti,anti,-83.73,-83.73,C2'-endo,C2'-endo,159.982,159.982,41.285,41.285,7.416,10.233,4,O4'-N2(amino),3.09,N2(amino)-O4',3.09,N2(amino)-N3,3.17,N3-N2(amino),3.17,--,0.0,3.434,8.003,-0.0,-20.669,38.559,180.0,-55.68,-55.68,173.094,173.094,47.723,47.723,149.228,149.228,-98.06,-98.06,137.037,137.037,-26.405,-26.405,40.76,40.76,-38.791,-38.791,24.585,24.585,0.915,0.915
4pzq,4pzq_GG_A_DG_10_A_DG_10,--,tSS,GG,G+G,1:A.DG10,2:A.DG10,A,A,DG,DG,G,G,10,10,.,.,anti,anti,-84.974,-84.974,C2'-endo,C2'-endo,156.062,156.062,40.967,40.967,7.924,10.55,4,O4'-N2(amino),3.31,N2(amino)-O4',3.31,N2(amino)-N3,3.09,N3-N2(amino),3.09,--,0.0,3.269,8.172,0.0,-16.066,22.861,180.0,-53.515,-53.515,171.524,171.524,50.883,50.883,145.154,145.154,-130.575,-130.575,140.222,140.222,-28.433,-28.433,41.188,41.188,-37.443,-37.443,22.148,22.148,3.686,3.686
4rim,4rim_GG_A_DG_5_A_DG_5,--,tSS,GG,G+G,1:A.DG5,2:A.DG5,A,A,DG,DG,G,G,5,5,.,.,anti,anti,-79.907,-79.907,C2'-endo,C2'-endo,146.793,146.793,41.155,41.155,7.817,10.443,4,O4'-N2(amino),3.16,N2(amino)-O4',3.16,N2(amino)-N3,2.96,N3-N2(amino),2.96,--,0.0,-3.22,-8.067,-0.0,10.441,-25.384,-180.0,-78.189,-78.189,179.339,179.339,50.494,50.494,135.842,135.842,-165.255,-165.255,-70.093,-70.093,-33.311,-33.311,42.252,42.252,-34.435,-34.435,16.341,16.341,10.147,10.147
4rim,4rim_GG_A_DG_6_A_DG_6,--,tSS,GG,G+G,1:A.DG6,2:A.DG6,A,A,DG,DG,G,G,6,6,.,.,anti,anti,-81.106,-81.106,C2'-endo,C2'-endo,147.108,147.108,39.053,39.053,7.726,10.35,4,O4'-N2(amino),2.94,N2(amino)-O4',2.94,N2(amino)-N3,2.94,N3-N2(amino),2.94,--,0.0,-3.362,-7.976,0.0,16.259,-20.897,-180.0,162.846,162.846,108.983,108.983,175.744,175.744,133.133,133.133,-144.724,-144.724,149.419,149.419,-31.432,-31.432,40.215,40.215,-32.792,-32.792,15.734,15.734,9.358,9.358
4rim,4rim_GG_A_DG_9_A_DG_9,--,tSS,GG,G+G,1:A.DG9,2:A.DG9,A,A,DG,DG,G,G,9,9,.,.,anti,anti,-87.9,-87.9,C2'-endo,C2'-endo,157.913,157.913,33.966,33.966,7.548,10.047,4,O4'-N2(amino),3.33,N2(amino)-O4',3.33,N2(amino)-N3,3.04,N3-N2(amino),3.04,--,0.0,-3.537,-8.08,0.0,-6.322,-31.566,-180.0,-74.57,-74.57,-170.418,-170.418,56.99,56.99,138.544,138.544,-128.153,-128.153,160.65,160.65,-22.567,-22.567,33.584,33.584,-31.473,-31.473,18.974,18.974,2.13,2.13
4rim,4rim_GG_A_DG_5_A_DG_5,--,tSS,GG,G+G,3:A.DG5,4:A.DG5,A,A,DG,DG,G,G,5,5,.,.,anti,anti,-79.907,-79.907,C2'-endo,C2'-endo,146.765,146.765,41.14,41.14,7.817,10.443,4,O4'-N2(amino),3.16,N2(amino)-O4',3.16,N2(amino)-N3,2.96,N3-N2(amino),2.96,--,0.0,3.22,8.067,-0.0,-10.442,25.385,180.0,-78.18,-78.18,179.34,179.34,50.478,50.478,135.853,135.853,-165.239,-165.239,-70.107,-70.107,-33.308,-33.308,42.229,42.229,-34.411,-34.411,16.307,16.307,10.164,10.164
4rim,4rim_GG_A_DG_6_A_DG_6,--,tSS,GG,G+G,3:A.DG6,4:A.DG6,A,A,DG,DG,G,G,6,6,.,.,anti,anti,-81.06,-81.06,C2'-endo,C2'-endo,147.1,147.1,39.027,39.027,7.727,10.351,4,O4'-N2(amino),2.94,N2(amino)-O4',2.94,N2(amino)-N3,2.94,N3-N2(amino),2.94,--,0.0,-3.361,-7.976,-0.0,16.258,-20.899,-180.0,162.835,162.835,109.014,109.014,175.748,175.748,133.12,133.12,-144.749,-144.749,149.398,149.398,-31.419,-31.419,40.193,40.193,-32.768,-32.768,15.717,15.717,9.347,9.347
4rim,4rim_GG_A_DG_9_A_DG_9,--,tSS,GG,G+G,3:A.DG9,4:A.DG9,A,A,DG,DG,G,G,9,9,.,.,anti,anti,-87.898,-87.898,C2'-endo,C2'-endo,157.987,157.987,33.998,33.998,7.548,10.047,4,O4'-N2(amino),3.33,N2(amino)-O4',3.33,N2(amino)-N3,3.04,N3-N2(amino),3.04,--,0.0,-3.538,-8.08,0.0,-6.326,-31.564,-180.0,-74.55,-74.55,-170.425,-170.425,56.985,56.985,138.498,138.498,-128.138,-128.138,160.666,160.666,-22.55,-22.55,33.602,33.602,-31.519,-31.519,19.028,19.028,2.094,2.094
4rip,4rip_GG_A_DG_5_A_DG_5,--,tSS,GG,G+G,1:A.DG5,2:A.DG5,A,A,DG,DG,G,G,5,5,.,.,anti,anti,-80.807,-80.807,C2'-endo,C2'-endo,154.621,154.621,43.147,43.147,7.8,10.33,4,O4'-N2(amino),3.16,N2(amino)-O4',3.16,N2(amino)-N3,2.99,N3-N2(amino),2.99,--,0.0,3.381,8.05,-0.0,-10.48,28.174,180.0,-61.666,-61.666,173.389,173.389,41.296,41.296,143.656,143.656,-160.827,-160.827,-68.01,-68.01,-30.941,-30.941,42.843,42.843,-38.983,-38.983,22.179,22.179,5.312,5.312
4rip,4rip_GG_A_DG_6_A_DG_6,--,tSS,GG,G+G,1:A.DG6,2:A.DG6,A,A,DG,DG,G,G,6,6,.,.,anti,anti,-76.059,-76.059,C2'-endo,C2'-endo,149.886,149.886,41.053,41.053,8.125,10.545,4,O4'-N2(amino),3.16,N2(amino)-O4',3.16,N2(amino)-N3,2.98,N3-N2(amino),2.98,--,0.0,-3.202,-8.049,-0.0,17.196,-21.807,-180.0,153.808,153.808,111.883,111.883,173.784,173.784,137.255,137.255,-139.137,-139.137,148.026,148.026,-31.777,-31.777,41.21,41.21,-35.512,-35.512,18.069,18.069,8.474,8.474
4rip,4rip_GG_A_DG_9_A_DG_9,--,tSS,GG,G+G,1:A.DG9,2:A.DG9,A,A,DG,DG,G,G,9,9,.,.,anti,anti,-98.573,-98.573,C2'-endo,C2'-endo,145.375,145.375,32.382,32.382,7.822,10.617,2,N2(amino)-N3,3.61,N3-N2(amino),3.61,--,0.0,--,0.0,--,0.0,-3.576,-8.735,0.0,-8.368,-27.142,-180.0,-62.078,-62.078,172.201,172.201,51.731,51.731,130.219,130.219,-120.157,-120.157,137.333,137.333,-27.037,-27.037,33.083,33.083,-26.647,-26.647,12.348,12.348,8.856,8.856
4rip,4rip_GG_A_DG_5_A_DG_5,--,tSS,GG,G+G,3:A.DG5,4:A.DG5,A,A,DG,DG,G,G,5,5,.,.,anti,anti,-80.777,-80.78,C2'-endo,C2'-endo,154.619,154.712,43.132,43.129,7.8,10.33,4,O4'-N2(amino),3.16,N2(amino)-O4',3.16,N2(amino)-N3,2.99,N3-N2(amino),2.99,--,0.0,-3.381,-8.051,0.0,10.48,-28.177,-180.0,-61.657,-61.657,173.363,173.395,41.342,41.299,143.653,143.638,-160.844,-160.845,-68.059,-68.001,-30.93,-30.876,42.845,42.804,-38.969,-38.996,22.175,22.22,5.301,5.243
4rip,4rip_GG_A_DG_6_A_DG_6,--,tSS,GG,G+G,3:A.DG6,4:A.DG6,A,A,DG,DG,G,G,6,6,.,.,anti,anti,-76.035,-76.035,C2'-endo,C2'-endo,149.862,149.83,41.054,41.036,8.126,10.545,4,O4'-N2(amino),3.16,N2(amino)-O4',3.16,N2(amino)-N3,2.98,N3-N2(amino),2.98,--,0.0,-3.202,-8.049,-0.0,17.198,-21.81,-179.999,153.806,153.758,111.865,111.905,173.777,173.783,137.268,137.284,-139.111,-139.149,148.062,148.015,-31.795,-31.795,41.206,41.2,-35.505,-35.477,18.051,18.022,8.49,8.501
4rip,4rip_GG_A_DG_9_A_DG_9,--,tSS,GG,G+G,3:A.DG9,4:A.DG9,A,A,DG,DG,G,G,9,9,.,.,anti,anti,-98.561,-98.561,C2'-endo,C2'-endo,145.389,145.401,32.352,32.394,7.822,10.617,2,N2(amino)-N3,3.61,N3-N2(amino),3.61,--,0.0,--,0.0,--,0.0,3.576,8.735,-0.0,8.367,27.142,180.0,-62.043,-62.08,172.174,172.196,51.739,51.759,130.241,130.255,-120.186,-120.162,137.345,137.314,-27.002,-27.04,33.057,33.1,-26.626,-26.665,12.341,12.367,8.838,8.838
4wb2,4wb2_gg_D_0DG_14_D_0G_29,--,tWW,gg,g+g,1:D.0DG14,1:D.0G29,D,D,0DG,0G,g,g,14,29,-,.,anti,...,-67.692,133.968,C4'-endo,C2'-exo,227.205,357.86,24.515,33.096,13.606,11.19,2,O6(carbonyl)-N1(imino),2.65,N1(imino)-O6(carbonyl),2.85,--,0.0,--,0.0,--,0.0,-1.134,-1.462,0.345,-3.972,13.402,175.633,-55.592,78.681,174.599,150.225,-179.147,-43.282,-94.715,-152.374,,100.59,,-56.874,11.945,12.106,3.673,-28.397,-16.655,33.073,24.222,-27.077,-22.87,9.621
4xzf,4xzf_GG_B_DG_7_B_DG_7,--,cWW,GG,G-G,1:B.DG7,2:B.DG7,B,B,DG,DG,G,G,7,7,.,.,anti,anti,-103.386,-103.386,C1'-exo,C1'-exo,140.333,140.333,36.737,36.737,11.061,10.568,2,O6(carbonyl)-N1(imino),3.24,N1(imino)-O6(carbonyl),3.24,--,0.0,--,0.0,--,0.0,-0.0,0.678,-0.13,-0.0,0.893,9.04,-69.067,-69.067,163.411,163.411,56.626,56.626,133.751,133.751,-152.202,-152.202,-152.718,-152.718,-32.115,-32.115,37.077,37.077,-28.279,-28.279,10.422,10.422,13.401,13.401
4z58,4z58_GG_B_DG_7_B_DG_14,--,cWW,GG,G-G,1:B.DG7,2:B.DG14,B,B,DG,DG,G,G,7,14,.,A,anti,anti,-89.937,-155.401,C2'-endo,C3'-endo,164.418,21.56,34.942,33.256,11.353,10.89,3,O6(carbonyl)*O6(carbonyl),3.2,N1(imino)-O6(carbonyl),3.47,N1(imino)*N1(imino),2.32,--,0.0,--,0.0,0.101,1.046,-0.434,11.622,-17.63,9.093,-57.103,-77.031,177.991,143.747,44.421,67.763,142.103,89.779,178.737,-152.969,-111.481,-80.683,-20.263,-1.914,33.714,-18.861,-33.658,30.929,23.055,-32.669,-2.036,21.89
4z58,4z58_GG_B_DG_14_B_DG_7,--,cWW,GG,G-G,1:B.DG14,2:B.DG7,B,B,DG,DG,G,G,14,7,A,.,anti,anti,-155.401,-89.937,C3'-endo,C2'-endo,21.56,164.418,33.256,34.942,11.353,10.89,3,O6(carbonyl)*O6(carbonyl),3.2,O6(carbonyl)-N1(imino),3.47,N1(imino)*N1(imino),2.32,--,0.0,--,0.0,-0.101,1.046,-0.434,-11.622,-17.63,9.093,-77.031,-57.103,143.747,177.991,67.763,44.421,89.779,142.103,-152.969,178.737,-80.683,-111.481,-1.914,-20.263,-18.861,33.714,30.929,-33.658,-32.669,23.055,21.89,-2.036
4zbn,4zbn_GG_E_DG_7_E_DG_12,--,tWH,GG,G-G,1:E.DG7,1:E.DG12,E,E,DG,DG,G,G,7,12,.,.,anti,anti,-102.044,-100.567,C2'-exo,C4'-exo,346.503,59.342,37.348,33.656,11.345,7.707,2,N1(imino)-N7,2.91,N2(amino)-O6(carbonyl),2.78,--,0.0,--,0.0,--,0.0,5.604,-0.362,-0.206,-2.036,-2.884,-110.076,135.15,-71.69,-155.861,-145.229,178.911,45.656,85.446,88.8,-109.295,-173.961,-76.957,-98.767,20.41,-22.524,-35.108,2.178,36.316,17.161,-25.454,-30.576,3.237,33.825
5bxw,5bxw_GG_A_DG_1_A_DG_11,--,tWH,GG,G-G,1:A.DG1,2:A.DG11,A,A,DG,DG,G,G,1,11,.,B,anti,anti,-97.269,-99.289,C2'-endo,C2'-endo,171.479,169.491,39.391,32.392,11.27,7.848,2,N1(imino)-N7,3.09,N2(amino)-O6(carbonyl),3.01,--,0.0,--,0.0,--,0.0,5.874,-0.39,-0.093,31.526,0.081,-107.781,,-60.3,,-132.58,70.086,56.064,144.898,144.781,-166.257,-177.029,-92.254,-106.621,-18.249,-16.119,35.57,29.644,-38.956,-31.849,28.944,22.993,-6.912,-4.588
5bxw,5bxw_GG_A_DG_11_A_DG_1,--,tHW,GG,G-G,1:A.DG11,2:A.DG1,A,A,DG,DG,G,G,11,1,B,.,anti,anti,-99.289,-97.269,C2'-endo,C2'-endo,169.491,171.479,32.392,39.391,11.27,7.848,2,N7-N1(imino),3.09,O6(carbonyl)-N2(amino),3.01,--,0.0,--,0.0,--,0.0,-5.874,-0.39,-0.093,-31.526,0.081,-107.781,-60.3,,-132.58,,56.064,70.086,144.781,144.898,-177.029,-166.257,-106.621,-92.254,-16.119,-18.249,29.644,35.57,-31.849,-38.956,22.993,28.944,-4.588,-6.912
5bz7,5bz7_GG_A_DG_1_A_DG_11,--,tWH,GG,G-G,1:A.DG1,2:A.DG11,A,A,DG,DG,G,G,1,11,.,B,anti,anti,-99.867,-95.853,C2'-endo,C2'-endo,178.76,172.06,36.181,34.8,11.126,7.694,2,N1(imino)-N7,2.92,N2(amino)-O6(carbonyl),2.88,--,0.0,--,0.0,--,0.0,5.732,-0.466,0.038,30.307,-1.319,-107.953,,-52.913,,-131.199,77.673,52.997,135.071,147.752,-170.491,179.084,-90.726,-106.96,-12.383,-15.984,30.895,31.401,-36.172,-34.467,29.723,26.038,-11.145,-6.553
5bz7,5bz7_GG_A_DG_11_A_DG_1,--,tHW,GG,G-G,1:A.DG11,2:A.DG1,A,A,DG,DG,G,G,11,1,B,.,anti,anti,-95.839,-99.853,C2'-endo,C2'-endo,172.055,178.774,34.804,36.152,11.127,7.694,2,N7-N1(imino),2.92,O6(carbonyl)-N2(amino),2.88,--,0.0,--,0.0,--,0.0,-5.732,-0.466,0.038,-30.304,-1.317,-107.957,-52.904,,-131.202,,52.961,77.594,147.746,135.105,179.093,-170.462,-106.943,-90.737,-15.991,-12.36,31.399,30.852,-34.47,-36.143,26.039,29.698,-6.545,-11.135
5bz9,5bz9_GG_A_DG_1_A_DG_11,--,tWH,GG,G-G,1:A.DG1,2:A.DG11,A,A,DG,DG,G,G,1,11,.,B,anti,anti,-109.873,-97.003,C2'-endo,C2'-endo,178.0,177.869,35.023,36.264,11.089,7.676,2,N1(imino)-N7,2.88,N2(amino)-O6(carbonyl),2.85,--,0.0,--,0.0,--,0.0,5.778,-0.62,0.034,28.694,5.491,-107.966,,-62.127,,-124.781,92.866,51.639,133.203,152.447,-164.448,-177.758,-94.158,-113.788,-12.558,-13.05,30.318,31.0,-35.001,-36.239,28.743,29.403,-10.371,-10.497
5bz9,5bz9_GG_A_DG_11_A_DG_1,--,tHW,GG,G-G,1:A.DG11,2:A.DG1,A,A,DG,DG,G,G,11,1,B,.,anti,anti,-97.018,-109.869,C2'-endo,C2'-endo,177.862,178.025,36.315,35.047,11.089,7.676,2,N7-N1(imino),2.88,O6(carbonyl)-N2(amino),2.85,--,0.0,--,0.0,--,0.0,-5.778,-0.62,0.034,-28.694,5.49,-107.962,-62.14,,-124.792,,51.635,92.842,152.421,133.182,-177.743,-164.428,-113.79,-94.113,-13.073,-12.555,31.041,30.328,-36.29,-35.027,29.441,28.772,-10.504,-10.395
5bzy,5bzy_GG_A_DG_1_A_DG_11,--,tWH,GG,G-G,1:A.DG1,2:A.DG11,A,A,DG,DG,G,G,1,11,.,B,anti,anti,-92.213,-97.672,C3'-exo,C2'-endo,181.599,175.286,36.636,35.756,11.067,7.617,2,N1(imino)-N7,2.92,N2(amino)-O6(carbonyl),2.82,--,0.0,--,0.0,--,0.0,5.586,-0.3,-0.137,32.035,-2.666,-109.085,,-57.561,,-129.553,70.147,50.93,137.452,151.111,-172.626,-175.985,-91.878,-109.864,-11.054,-14.475,30.448,31.367,-36.622,-35.635,31.586,28.076,-13.062,-8.722
5bzy,5bzy_GG_A_DG_11_A_DG_1,--,tHW,GG,G-G,1:A.DG11,2:A.DG1,A,A,DG,DG,G,G,11,1,B,.,anti,anti,-97.688,-92.205,C2'-endo,C3'-exo,175.301,181.625,35.834,36.607,11.068,7.617,2,N7-N1(imino),2.92,O6(carbonyl)-N2(amino),2.82,--,0.0,--,0.0,--,0.0,-5.586,-0.3,-0.137,-32.034,-2.669,-109.077,-57.571,,-129.539,,50.936,70.151,151.083,137.453,-175.958,-172.605,-109.857,-91.917,-14.497,-11.029,31.418,30.415,-35.713,-36.593,28.14,31.567,-8.74,-13.071
5db9,5db9_Gg_T_DG_13_P_FMG_4,--,cHW,Gg,G+g,1:T.DG13,1:P.FMG4,T,P,DG,FMG,G,g,13,4,.,B,syn,anti,61.765,-86.377,C1'-exo,C2'-endo,129.185,150.776,41.956,32.533,10.721,8.725,2,N7-N2(amino),2.19,O6(carbonyl)-N1(imino),2.54,--,0.0,--,0.0,--,0.0,-1.942,-3.138,-0.581,14.478,15.171,77.375,-31.343,-9.449,151.808,134.496,39.491,20.054,122.451,140.973,178.686,-165.634,-88.815,-172.651,-40.749,-25.018,40.996,32.265,-26.509,-28.393,4.1,14.797,22.444,6.398
5dbc,5dbc_GG_T_DG_13_P_DG_4,--,cHW,GG,G+G,1:T.DG13,1:P.DG4,T,P,DG,DG,G,G,13,4,.,B,syn,anti,63.845,-120.985,C1'-exo,C1'-exo,128.731,132.526,40.16,37.673,10.847,8.743,2,N7-N2(amino),2.27,O6(carbonyl)-N1(imino),2.77,--,0.0,--,0.0,--,0.0,-1.702,-3.314,-0.76,13.872,6.752,80.487,-28.448,-41.785,160.403,152.401,35.109,51.625,118.422,133.214,169.753,-155.266,-92.532,-149.986,-38.686,-35.195,39.392,37.384,-25.127,-25.464,3.479,5.613,21.82,18.483
5dev,5dev_GG_A_DG_4_A_DG_4,--,tSS,GG,G+G,1:A.DG4,2:A.DG4,A,A,DG,DG,G,G,4,4,.,.,anti,anti,-86.979,-86.979,C2'-endo,C2'-endo,152.625,152.641,51.616,51.622,7.463,10.204,4,O4'-N2(amino),3.36,N2(amino)-O4',3.36,N2(amino)-N3,3.27,N3-N2(amino),3.27,--,0.0,-3.543,-8.147,-0.0,12.757,-38.357,-180.0,-69.793,-69.793,168.339,168.339,52.368,52.368,147.116,147.116,-92.234,-92.234,122.556,122.556,-37.325,-37.305,51.325,51.331,-45.836,-45.848,24.365,24.38,8.759,8.759
5dev,5dev_GG_A_DG_10_A_DG_10,--,tSS,GG,G+G,1:A.DG10,2:A.DG10,A,A,DG,DG,G,G,10,10,.,.,anti,anti,-81.264,-81.264,C2'-endo,C2'-endo,161.371,161.371,39.625,39.625,7.673,10.342,4,O4'-N2(amino),3.02,N2(amino)-O4',3.02,N2(amino)-N3,2.85,N3-N2(amino),2.85,--,0.0,-3.227,-7.891,0.0,17.069,-23.026,-179.999,-41.334,-41.334,164.707,164.707,40.372,40.372,137.567,137.567,-139.328,-139.357,155.797,155.795,-24.439,-24.439,38.827,38.827,-37.549,-37.549,24.227,24.227,-0.084,-0.084
5hrd,5hrd_GG_E_DG_1_F_DG_8,--,cWH,GG,G+G,1:E.DG1,1:F.DG8,E,F,DG,DG,G,G,1,8,.,-,anti,syn,-103.465,62.052,C3'-exo,C4'-exo,191.184,37.248,32.234,39.15,11.395,9.152,2,N1(imino)-O6(carbonyl),2.84,N2(amino)-N7,2.82,--,0.0,--,0.0,--,0.0,1.527,3.289,-0.822,1.938,24.242,-92.2,,-69.823,,178.066,55.455,29.664,132.595,78.155,-177.556,,-89.109,,-4.278,-12.751,23.102,-12.645,-31.622,31.164,30.118,-39.747,-16.504,33.077
5hrd,5hrd_GG_E_DG_8_F_DG_1,--,cHW,GG,G+G,1:E.DG8,1:F.DG1,E,F,DG,DG,G,G,8,1,-,.,syn,anti,61.711,-103.181,C4'-exo,C3'-exo,46.571,187.985,41.079,32.762,11.459,9.215,2,N7-N2(amino),2.87,O6(carbonyl)-N1(imino),2.86,--,0.0,--,0.0,--,0.0,-1.518,-3.354,0.646,2.099,-21.237,92.53,-71.555,,174.189,,38.518,58.856,75.251,134.742,,-172.891,,-98.085,-19.513,-6.137,-6.66,24.825,28.24,-32.444,-40.85,29.881,38.113,-15.088
5hrl,5hrl_Gg_C_DG_9_A_DGT_201,--,cWH,Gg,G+g,1:C.DG9,1:A.DGT201,C,A,DG,DGT,G,g,9,201,.,-,anti,syn,-104.059,45.854,C3'-exo,C4'-exo,209.47,36.746,36.252,39.076,11.273,9.257,2,N1(imino)-O6(carbonyl),2.65,N2(amino)-N7,2.87,--,0.0,--,0.0,--,0.0,1.715,3.05,-0.121,-13.214,27.534,-93.062,106.494,,132.208,,-48.346,54.906,158.764,71.631,-173.622,,-99.29,,6.961,-12.012,16.28,-13.28,-31.562,31.312,36.685,-40.062,-27.525,33.155
5hru,5hru_GG_C_DG_23_C_DG_25,--,cSH,GG,G+G,1:C.DG23,1:C.DG25,C,C,DG,DG,G,G,23,25,.,.,anti,syn,-99.584,66.249,C1'-exo,C2'-endo,142.734,164.27,44.505,31.704,5.357,5.936,1,N2(amino)-N7,3.02,--,0.0,--,0.0,--,0.0,--,0.0,8.17,3.911,-1.448,44.925,30.277,48.98,-57.665,79.075,174.647,-173.69,46.321,-167.066,136.959,140.432,-91.276,-111.432,142.529,-64.859,-37.959,-18.399,45.701,30.526,-35.419,-30.517,14.785,20.772,14.065,-1.701
5hru,5hru_GG_C_DG_23_C_DG_25,--,cSH,GG,G+G,2:C.DG23,2:C.DG25,C,C,DG,DG,G,G,23,25,.,.,anti,syn,-99.584,66.249,C1'-exo,C2'-endo,142.734,164.27,44.505,31.704,5.357,5.936,1,N2(amino)-N7,3.02,--,0.0,--,0.0,--,0.0,--,0.0,8.17,3.911,-1.448,44.925,30.277,48.98,-57.665,79.075,174.647,-173.69,46.321,-167.066,136.959,140.432,-91.276,-111.432,142.529,-64.859,-37.959,-18.399,45.701,30.526,-35.419,-30.517,14.785,20.772,14.065,-1.701
5hso,5hso_GG_E_DG_17_F_DG_43,--,cWW,GG,G-G,1:E.DG17,1:F.DG43,E,F,DG,DG,G,G,17,43,.,A,anti,anti,-106.98,-156.698,C2'-endo,C2'-exo,152.629,354.929,33.0,32.228,12.707,10.621,1,O6(carbonyl)*O6(carbonyl),2.7,--,0.0,--,0.0,--,0.0,--,0.0,0.693,0.788,-2.309,8.942,-21.867,-24.734,-61.468,67.304,-167.914,-121.66,45.43,-177.991,134.252,95.591,177.405,-157.286,-99.824,-67.577,-24.38,13.261,33.367,-28.628,-29.306,32.102,16.05,-25.294,4.998,7.826
5hto,5hto_GG_C_DG_23_C_DG_25,--,cSH,GG,G+G,1:C.DG23,1:C.DG25,C,C,DG,DG,G,G,23,25,.,.,anti,syn,-100.834,63.897,C1'-exo,C2'-endo,140.794,161.9,45.689,33.16,5.367,6.005,1,N2(amino)-N7,3.06,--,0.0,--,0.0,--,0.0,--,0.0,8.255,3.992,-1.402,44.915,30.044,50.074,-61.772,87.105,174.204,-173.976,50.699,-170.042,136.148,140.375,-95.574,-113.621,144.446,-59.321,-39.917,-20.452,46.93,32.288,-35.403,-31.519,13.823,20.657,15.86,-0.377
5hto,5hto_GG_F_DG_23_F_DG_25,--,cSH,GG,G+G,1:F.DG23,1:F.DG25,F,F,DG,DG,G,G,23,25,.,.,anti,syn,-99.616,63.634,C2'-endo,C2'-endo,146.428,161.605,44.21,33.388,5.332,5.894,1,N2(amino)-N7,2.98,--,0.0,--,0.0,--,0.0,--,0.0,8.163,3.947,-1.381,44.867,32.435,50.42,-57.718,81.747,174.197,-169.89,48.474,-164.715,139.507,140.245,-92.64,-113.48,141.303,-55.132,-36.028,-20.669,45.423,32.592,-36.836,-31.682,17.418,20.628,11.208,-0.207
5j0u,5j0u_GG_T_DG_7_P_DG_10,--,cWW,GG,G-G,1:T.DG7,1:P.DG10,T,P,DG,DG,G,G,7,10,B,-,anti,anti,-93.214,-73.295,C2'-endo,C2'-endo,166.88,170.942,36.621,41.824,12.097,11.505,2,N1(imino)*N1(imino),3.08,N2(amino)*N2(amino),2.36,--,0.0,--,0.0,--,0.0,0.739,1.691,-0.334,-18.421,3.814,-0.219,-55.361,-72.93,172.772,-177.402,49.732,56.271,145.634,154.311,-157.258,,-147.29,,-19.836,-20.312,34.773,38.977,-35.666,-41.302,25.306,31.534,-3.719,-7.49
5j2g,5j2g_GG_T_DG_7_P_DG_10,--,tWW,GG,G+G,1:T.DG7,1:P.DG10,T,P,DG,DG,G,G,7,10,B,-,anti,anti,-122.683,-151.348,O4'-endo,C2'-endo,85.044,167.23,43.394,36.835,13.436,11.173,2,O6(carbonyl)-N1(imino),2.79,N1(imino)-O6(carbonyl),2.91,--,0.0,--,0.0,--,0.0,-1.224,-1.211,-0.017,9.324,-9.062,177.276,-65.995,178.171,165.039,179.226,49.476,51.975,88.112,150.418,166.953,,-73.786,,-40.543,-19.535,21.929,34.781,3.749,-35.924,-27.676,25.43,42.906,-3.828
